BEGIN TRANSACTION;
CREATE TABLE "auth_group" ("id" integer NOT NULL PRIMARY KEY AUTOINCREMENT, "name" varchar(150) NOT NULL UNIQUE);
CREATE TABLE "auth_group_permissions" ("id" integer NOT NULL PRIMARY KEY AUTOINCREMENT, "group_id" integer NOT NULL REFERENCES "auth_group" ("id") DEFERRABLE INITIALLY DEFERRED, "permission_id" integer NOT NULL REFERENCES "auth_permission" ("id") DEFERRABLE INITIALLY DEFERRED);
CREATE TABLE "auth_permission" ("id" integer NOT NULL PRIMARY KEY AUTOINCREMENT, "content_type_id" integer NOT NULL REFERENCES "django_content_type" ("id") DEFERRABLE INITIALLY DEFERRED, "codename" varchar(100) NOT NULL, "name" varchar(255) NOT NULL);
INSERT INTO "auth_permission" VALUES(1,1,'add_logentry','Can add log entry');
INSERT INTO "auth_permission" VALUES(2,1,'change_logentry','Can change log entry');
INSERT INTO "auth_permission" VALUES(3,1,'delete_logentry','Can delete log entry');
INSERT INTO "auth_permission" VALUES(4,1,'view_logentry','Can view log entry');
INSERT INTO "auth_permission" VALUES(5,2,'add_permission','Can add permission');
INSERT INTO "auth_permission" VALUES(6,2,'change_permission','Can change permission');
INSERT INTO "auth_permission" VALUES(7,2,'delete_permission','Can delete permission');
INSERT INTO "auth_permission" VALUES(8,2,'view_permission','Can view permission');
INSERT INTO "auth_permission" VALUES(9,3,'add_group','Can add group');
INSERT INTO "auth_permission" VALUES(10,3,'change_group','Can change group');
INSERT INTO "auth_permission" VALUES(11,3,'delete_group','Can delete group');
INSERT INTO "auth_permission" VALUES(12,3,'view_group','Can view group');
INSERT INTO "auth_permission" VALUES(13,4,'add_contenttype','Can add content type');
INSERT INTO "auth_permission" VALUES(14,4,'change_contenttype','Can change content type');
INSERT INTO "auth_permission" VALUES(15,4,'delete_contenttype','Can delete content type');
INSERT INTO "auth_permission" VALUES(16,4,'view_contenttype','Can view content type');
INSERT INTO "auth_permission" VALUES(17,5,'add_session','Can add session');
INSERT INTO "auth_permission" VALUES(18,5,'change_session','Can change session');
INSERT INTO "auth_permission" VALUES(19,5,'delete_session','Can delete session');
INSERT INTO "auth_permission" VALUES(20,5,'view_session','Can view session');
INSERT INTO "auth_permission" VALUES(21,6,'add_user','Can add user');
INSERT INTO "auth_permission" VALUES(22,6,'change_user','Can change user');
INSERT INTO "auth_permission" VALUES(23,6,'delete_user','Can delete user');
INSERT INTO "auth_permission" VALUES(24,6,'view_user','Can view user');
INSERT INTO "auth_permission" VALUES(25,7,'add_contact','Can add contact');
INSERT INTO "auth_permission" VALUES(26,7,'change_contact','Can change contact');
INSERT INTO "auth_permission" VALUES(27,7,'delete_contact','Can delete contact');
INSERT INTO "auth_permission" VALUES(28,7,'view_contact','Can view contact');
CREATE TABLE "contacts_contact" ("id" integer NOT NULL PRIMARY KEY AUTOINCREMENT, "full_name" varchar(100) NOT NULL, "email" varchar(254) NOT NULL, "phone_number" varchar(20) NOT NULL, "address" text NOT NULL, "user_id" bigint NOT NULL REFERENCES "userauths_user" ("id") DEFERRABLE INITIALLY DEFERRED);
INSERT INTO "contacts_contact" VALUES(1,'Waziri','waziri@app.com','09038732838','Layin kwaya',3);
INSERT INTO "contacts_contact" VALUES(2,'Aliyu Mu''azu','babankofa@app.com','090234579429','Layin Kwaya',4);
CREATE TABLE "django_admin_log" ("id" integer NOT NULL PRIMARY KEY AUTOINCREMENT, "object_id" text NULL, "object_repr" varchar(200) NOT NULL, "action_flag" smallint unsigned NOT NULL CHECK ("action_flag" >= 0), "change_message" text NOT NULL, "content_type_id" integer NULL REFERENCES "django_content_type" ("id") DEFERRABLE INITIALLY DEFERRED, "user_id" bigint NOT NULL REFERENCES "userauths_user" ("id") DEFERRABLE INITIALLY DEFERRED, "action_time" datetime NOT NULL);
INSERT INTO "django_admin_log" VALUES(1,'2','ade',1,'[{"added": {}}]',6,1,'2025-04-19 15:40:37.707053');
INSERT INTO "django_admin_log" VALUES(2,'3','waziri',1,'[{"added": {}}]',6,1,'2025-04-19 21:15:09.593831');
INSERT INTO "django_admin_log" VALUES(3,'4','babankofa',1,'[{"added": {}}]',6,1,'2025-04-19 21:20:35.900930');
CREATE TABLE "django_content_type" ("id" integer NOT NULL PRIMARY KEY AUTOINCREMENT, "app_label" varchar(100) NOT NULL, "model" varchar(100) NOT NULL);
INSERT INTO "django_content_type" VALUES(1,'admin','logentry');
INSERT INTO "django_content_type" VALUES(2,'auth','permission');
INSERT INTO "django_content_type" VALUES(3,'auth','group');
INSERT INTO "django_content_type" VALUES(4,'contenttypes','contenttype');
INSERT INTO "django_content_type" VALUES(5,'sessions','session');
INSERT INTO "django_content_type" VALUES(6,'userauths','user');
INSERT INTO "django_content_type" VALUES(7,'contacts','contact');
CREATE TABLE "django_migrations" ("id" integer NOT NULL PRIMARY KEY AUTOINCREMENT, "app" varchar(255) NOT NULL, "name" varchar(255) NOT NULL, "applied" datetime NOT NULL);
INSERT INTO "django_migrations" VALUES(1,'contenttypes','0001_initial','2025-04-19 15:38:47.860131');
INSERT INTO "django_migrations" VALUES(2,'contenttypes','0002_remove_content_type_name','2025-04-19 15:38:47.885732');
INSERT INTO "django_migrations" VALUES(3,'auth','0001_initial','2025-04-19 15:38:47.912153');
INSERT INTO "django_migrations" VALUES(4,'auth','0002_alter_permission_name_max_length','2025-04-19 15:38:47.943962');
INSERT INTO "django_migrations" VALUES(5,'auth','0003_alter_user_email_max_length','2025-04-19 15:38:47.964650');
INSERT INTO "django_migrations" VALUES(6,'auth','0004_alter_user_username_opts','2025-04-19 15:38:47.988931');
INSERT INTO "django_migrations" VALUES(7,'auth','0005_alter_user_last_login_null','2025-04-19 15:38:48.006637');
INSERT INTO "django_migrations" VALUES(8,'auth','0006_require_contenttypes_0002','2025-04-19 15:38:48.012335');
INSERT INTO "django_migrations" VALUES(9,'auth','0007_alter_validators_add_error_messages','2025-04-19 15:38:48.033695');
INSERT INTO "django_migrations" VALUES(10,'auth','0008_alter_user_username_max_length','2025-04-19 15:38:48.046827');
INSERT INTO "django_migrations" VALUES(11,'auth','0009_alter_user_last_name_max_length','2025-04-19 15:38:48.061470');
INSERT INTO "django_migrations" VALUES(12,'auth','0010_alter_group_name_max_length','2025-04-19 15:38:48.081166');
INSERT INTO "django_migrations" VALUES(13,'auth','0011_update_proxy_permissions','2025-04-19 15:38:48.095236');
INSERT INTO "django_migrations" VALUES(14,'auth','0012_alter_user_first_name_max_length','2025-04-19 15:38:48.112045');
INSERT INTO "django_migrations" VALUES(15,'userauths','0001_initial','2025-04-19 15:38:48.139090');
INSERT INTO "django_migrations" VALUES(16,'admin','0001_initial','2025-04-19 15:38:48.166976');
INSERT INTO "django_migrations" VALUES(17,'admin','0002_logentry_remove_auto_add','2025-04-19 15:38:48.194411');
INSERT INTO "django_migrations" VALUES(18,'admin','0003_logentry_add_action_flag_choices','2025-04-19 15:38:48.215202');
INSERT INTO "django_migrations" VALUES(19,'sessions','0001_initial','2025-04-19 15:38:48.238289');
INSERT INTO "django_migrations" VALUES(20,'contacts','0001_initial','2025-04-19 21:14:38.346762');
INSERT INTO "django_migrations" VALUES(21,'userauths','0002_alter_user_email','2025-04-19 21:14:38.372440');
CREATE TABLE "django_session" ("session_key" varchar(40) NOT NULL PRIMARY KEY, "session_data" text NOT NULL, "expire_date" datetime NOT NULL);
INSERT INTO "django_session" VALUES('jb5ekzk2bvbpj71ccrkkm2uyemglar4u','.eJxVjDkOwjAQRe_iGllZxkso6TmDNZ4FB1AixUmFuDtESgHtf-_9l0m4rSVtVZY0sjmb1px-t4z0kGkHfMfpNluap3UZs90Ve9BqrzPL83K4fwcFa_nWEDR0DsKAA2lUhdh59YQqmRhyT9J0goLexRhYBAfoybWaGZpADsz7AwlKOQs:1u6AIY:2nc-7SQH_u3zNTurhKIsprAkLgbVLZeh9frpInKiDr4','2025-05-03 15:40:06.848691');
CREATE TABLE "userauths_user" ("id" integer NOT NULL PRIMARY KEY AUTOINCREMENT, "password" varchar(128) NOT NULL, "last_login" datetime NULL, "is_superuser" bool NOT NULL, "username" varchar(150) NOT NULL UNIQUE, "first_name" varchar(150) NOT NULL, "last_name" varchar(150) NOT NULL, "is_staff" bool NOT NULL, "is_active" bool NOT NULL, "date_joined" datetime NOT NULL, "full_name" varchar(150) NOT NULL, "contact_number" varchar(20) NOT NULL, "email" varchar(254) NOT NULL);
INSERT INTO "userauths_user" VALUES(1,'pbkdf2_sha256$1000000$JcSRqRzz2QIDnfhQD0tqdC$aGZmrcBKITv1oK6fOyZVstriZeLN+kkeWL4A47P2pPs=','2025-04-19 15:40:06.839723',1,'admin','','',1,1,'2025-04-19 15:39:37.385358','Admin 1','09020376688','admin@app.com');
INSERT INTO "userauths_user" VALUES(2,'pbkdf2_sha256$1000000$VovCnoZEncT638q7eeCJjx$2n9KT8nCbdUR76l0DIWmwELp+UEVEd5Z/MJIM1hd8Ns=',NULL,0,'ade','','',0,1,'2025-04-19 15:40:35.521699','','','');
INSERT INTO "userauths_user" VALUES(3,'pbkdf2_sha256$1000000$2bymWTcgDxO4DZu1bt8OsX$hH9uiVMJQ8hN8E0JwvYDbvut7/piFA21diUQYAj+nh4=',NULL,0,'waziri','','',0,1,'2025-04-19 21:15:07.386481','','','');
INSERT INTO "userauths_user" VALUES(4,'pbkdf2_sha256$1000000$06AqLLfbIkoSuYYdtOGzpz$9cr/gl1f5lhv+vfngK5yodGNI3CJxIITBba2P7CtmEU=',NULL,0,'babankofa','','',0,1,'2025-04-19 21:20:33.892596','','','');
CREATE TABLE "userauths_user_groups" ("id" integer NOT NULL PRIMARY KEY AUTOINCREMENT, "user_id" bigint NOT NULL REFERENCES "userauths_user" ("id") DEFERRABLE INITIALLY DEFERRED, "group_id" integer NOT NULL REFERENCES "auth_group" ("id") DEFERRABLE INITIALLY DEFERRED);
CREATE TABLE "userauths_user_user_permissions" ("id" integer NOT NULL PRIMARY KEY AUTOINCREMENT, "user_id" bigint NOT NULL REFERENCES "userauths_user" ("id") DEFERRABLE INITIALLY DEFERRED, "permission_id" integer NOT NULL REFERENCES "auth_permission" ("id") DEFERRABLE INITIALLY DEFERRED);
CREATE UNIQUE INDEX "django_content_type_app_label_model_76bd3d3b_uniq" ON "django_content_type" ("app_label", "model");
CREATE UNIQUE INDEX "auth_group_permissions_group_id_permission_id_0cd325b0_uniq" ON "auth_group_permissions" ("group_id", "permission_id");
CREATE INDEX "auth_group_permissions_group_id_b120cbf9" ON "auth_group_permissions" ("group_id");
CREATE INDEX "auth_group_permissions_permission_id_84c5c92e" ON "auth_group_permissions" ("permission_id");
CREATE UNIQUE INDEX "auth_permission_content_type_id_codename_01ab375a_uniq" ON "auth_permission" ("content_type_id", "codename");
CREATE INDEX "auth_permission_content_type_id_2f476e4b" ON "auth_permission" ("content_type_id");
CREATE UNIQUE INDEX "userauths_user_groups_user_id_group_id_e032b670_uniq" ON "userauths_user_groups" ("user_id", "group_id");
CREATE INDEX "userauths_user_groups_user_id_70ad3415" ON "userauths_user_groups" ("user_id");
CREATE INDEX "userauths_user_groups_group_id_2bd3d457" ON "userauths_user_groups" ("group_id");
CREATE UNIQUE INDEX "userauths_user_user_permissions_user_id_permission_id_5423ee7a_uniq" ON "userauths_user_user_permissions" ("user_id", "permission_id");
CREATE INDEX "userauths_user_user_permissions_user_id_7dc84ca3" ON "userauths_user_user_permissions" ("user_id");
CREATE INDEX "userauths_user_user_permissions_permission_id_0e980ebe" ON "userauths_user_user_permissions" ("permission_id");
CREATE INDEX "django_admin_log_content_type_id_c4bce8eb" ON "django_admin_log" ("content_type_id");
CREATE INDEX "django_admin_log_user_id_c564eba6" ON "django_admin_log" ("user_id");
CREATE INDEX "django_session_expire_date_a5c62663" ON "django_session" ("expire_date");
CREATE INDEX "contacts_contact_user_id_cff1a837" ON "contacts_contact" ("user_id");
DELETE FROM "sqlite_sequence";
INSERT INTO "sqlite_sequence" VALUES('django_migrations',21);
INSERT INTO "sqlite_sequence" VALUES('django_content_type',7);
INSERT INTO "sqlite_sequence" VALUES('auth_permission',28);
INSERT INTO "sqlite_sequence" VALUES('auth_group',0);
INSERT INTO "sqlite_sequence" VALUES('django_admin_log',3);
INSERT INTO "sqlite_sequence" VALUES('userauths_user',4);
INSERT INTO "sqlite_sequence" VALUES('contacts_contact',2);
COMMIT;
